Codigo_Familia	Familia	Grau	Categoria	Modalidade	Genero
111	SAPATILHAS FUTEBOL HOMEM	3	Calcado	Futebol	Homem
113	SAPATILHAS FUTEBOL JUNIOR	3	Calcado	Futebol	Junior
115	SAPATILHAS FUTSAL HOMEM	3	Calcado	Futsal	Homem
116	SAPATILHAS FUTSAL SENHORA	3	Calcado	Futsal	Senhora
117	SAPATILHAS FUTSAL JUNIOR	3	Calcado	Futsal	Junior
121	SAPATILHAS TÉNIS-PADEL HOMEM	3	Calcado	Ténis	Homem
122	SAPATILHAS TÉNIS-PADEL SENHORA	3	Calcado	Ténis	Senhora
123	SAPATILHAS TÉNIS-PADEL JUNIOR	3	Calcado	Ténis	Junior
124	SAPATILHAS SKATE HOMEM	3	Calcado	Skate	Homem
125	SAPATILHAS SKATE SENHORA	3	Calcado	Skate	Senhora
126	SAPATILHAS SKATE JUNIOR	3	Calcado	Skate	Junior
127	SAPATILHAS BICICLETA	3	Calcado	Ciclismo	
131	SAPATILHAS ATLETISMO HOMEM	3	Calcado	Atletismo	Homem
132	SAPATILHAS ATLETISMO SENHORA	3	Calcado	Atletismo	Senhora
133	SAPATILHAS ATLETISMO JUNIOR	3	Calcado	Atletismo	Junior
141	SAPATILHAS BASQUETEBOL HOMEM	3	Calcado	Basquetebol	Homem
143	SAPATILHAS BASQUETEBOL JUNIOR	3	Calcado	Basquetebol	Junior
145	SAPATILHAS ANDEBOL HOMEM	3	Calcado	Andebol	Homem
146	SAPATILHAS ANDEBOL SENHORA	3	Calcado	Andebol	Senhora
147	SAPATILHAS ANDEBOL JUNIOR	3	Calcado	Andebol	Junior
148	SAPATILHAS PAVILHÃO/VOLLEY	3	Calcado	Volley	
151	SAPATILHAS GINÁSIO	3	Calcado	Ginásio	
153	SAPATILHAS DANÇA	3	Calcado	Ballet	
154	SAPATILHAS YOGA	3	Calcado	Ginástica	
155	SABRINAS	3	Calcado		
161	SAPATILHAS LAZER HOMEM	3	Calcado	Lazer	Homem
162	SAPATILHAS LAZER SENHORA	3	Calcado	Lazer	Senhora
163	SAPATILHAS LAZER JUNIOR	3	Calcado	Lazer	Junior
164	SAPATILHAS LAZER BEBE	3	Calcado	Lazer	Bebe
171	SAPATOS VELA	3	Calcado		
172	SAPATOS LAZER	3	Calcado	Lazer	
173	BOTAS LAZER	3	Calcado	Lazer	
175	SAPATOS OUTDOOR/MONTANHA	3	Calcado	Montanha	
176	BOTAS OUTDOOR/MONTANHA	3	Calcado	Montanha	
181	SANDALIAS HOMEM	3	Calcado		Homem
182	SANDALIAS SENHORA	3	Calcado		Senhora
183	SANDALIAS JUNIOR	3	Calcado		Junior
184	SANDALIAS BEBÉ	3	Calcado		Bebe
185	CHINELOS HOMEM	3	Calcado		Homem
186	CHINELOS SENHORA	3	Calcado		Senhora
187	CHINELOS JUNIOR	3	Calcado		Junior
191	SLIP-ON HOMEM	3	Calcado		Homem
192	SLIP-ON SENHORA	3	Calcado		Senhora
193	SLIP-ON JUNIOR	3	Calcado		Junior
196	LONAS HOMEM	3	Calcado		Homem
197	LONAS SENHORA	3	Calcado		Senhora
198	LONAS JUNIOR	3	Calcado		Junior
199	LONAS BEBÉ	3	Calcado		Bebe
311	FT HOMEM	3	Textil		Homem
312	FT SENHORA	3	Textil		Senhora
313	FT RAPAZ	3	Textil		Rapaz
314	FT RAPARIGA	3	Textil		Rapariga
315	FT BEBÉ	3	Textil		Bebe
321	CALÇÕES/SHORTS BANHO	3	Textil		
322	CALÇÕES PASSEIO	3	Textil	Passeio	
323	CALÇÕES ATLÉTISMO	3	Textil	Atletismo	
324	CALÇÕES CICLISMO	3	Textil	Ciclismo	
325	CALÇÕES TREINO/GINÁSTICA	3	Textil	Ginástica	
326	CALÇÕES DE FUTEBOL	3	Textil	Futebol	
327	CALÇÕES DE BASQUETEBOL	3	Textil	Basquetebol	
328	CALÇÕES TÉNIS	3	Textil	Ténis	
331	T-S HOMEM	3	Textil		Homem
332	T-S SENHORA	3	Textil		Senhora
333	T-S RAPAZ	3	Textil		Rapaz
334	T-S RAPARIGA	3	Textil		Rapariga
335	T-S BEBÉ	3	Textil		Bebe
336	T-S ATLETISMO	3	Textil	Atletismo	
337	T-S BASQUETEBOL	3	Textil	Basquetebol	
338	T-S / TOP TÉNIS	3	Textil	Ténis	
341	SWEATS HOMEM	3	Textil		Homem
342	SWEATS SENHORA	3	Textil		Senhora
343	SWEATS RAPAZ	3	Textil		Rapaz
344	SWEATS RAPARIGA	3	Textil		Rapariga
345	SWEATS BEBÉ	3	Textil		Bebe
351	CALÇAS HOMEM	3	Textil		Homem
352	CALÇAS SENHORA	3	Textil		Senhora
353	CALÇAS RAPAZ	3	Textil		Rapaz
354	CALÇAS RAPARIGA	3	Textil		Rapariga
355	CALÇAS BEBÉ	3	Textil		Bebe
357	BERMUDAS - LEGGINGS	3	Textil		
359	VESTIDOS/SAIAS	3	Textil		
361	FATOS DE BANHO HOMEM	3	Textil		Homem
362	FATOS DE BANHO SENHORA	3	Textil		Senhora
363	FATOS DE BANHO RAPAZ	3	Textil		Rapaz
364	FATOS DE BANHO RAPARIGA	3	Textil		Rapariga
365	BIKINIS PRAIA / PISCINA	3	Textil		
366	FATOS BANHO BEBÉ	3	Textil		Bebe
371	BLUSÕES/CASACOS HOMEM	3	Textil		Homem
372	BLUSÕES/CASACOS SENHORA	3	Textil		Senhora
373	BLUSÕES/CASACOS RAPAZ	3	Textil		Rapaz
374	BLUSÕES/CASACOS RAPARIGA	3	Textil		Rapariga
375	BLUSÕES/CASACOS BEBÉ	3	Textil		Bebe
381	POLOS HOMEM	3	Textil		Homem
382	POLOS SENHORA	3	Textil		Senhora
383	POLOS RAPAZ	3	Textil		Rapaz
384	POLOS RAPARIGA	3	Textil		Rapariga
391	CAMISAS HOMEM	3	Textil		Homem
392	CAMISAS SENHORA	3	Textil		Senhora
393	CAMISAS RAPAZ	3	Textil		Rapaz
394	CAMISA RAPARIGA	3	Textil		Rapariga
395	CAMISOLAS/MALHAS HOMEM	3	Textil		Homem
396	CAMISOLAS/MALHAS SENHORA	3	Textil		Senhora
397	CAMISOLAS/MALHAS RAPAZ	3	Textil		Rapaz
398	CAMISOLAS/MALHAS RAPARIGA	3	Textil		Rapariga
399	CAMISOLAS/MALHAS BEBÉ	3	Textil		Bebe
611	MEIAS HOMEM	3	AcessoriosTextil		
612	MEIAS SENHORA	3	AcessoriosTextil		
613	MEIAS JUNIOR	3	AcessoriosTextil		
614	MEIAS BEBÉ	3	AcessoriosTextil		
621	BONÉS/GORROS HOMEM	3	AcessoriosTextil		
622	BONÉS/GORROS SENHORA	3	AcessoriosTextil		
623	BONÉS/GORROS RAPAZ	3	AcessoriosTextil		
624	BONÉS/GORROS RAPARIGA	3	AcessoriosTextil		
625	BONÉS/GORROS BEBÉ	3	AcessoriosTextil		
631	CACHECOL HOMEM	3	AcessoriosTextil		
632	CACHECOL SENHORA	3	AcessoriosTextil		
633	CACHECOL RAPAZ	3	AcessoriosTextil		
634	CACHECOL RAPARIGA	3	AcessoriosTextil		
635	CACHECOL UNISEXO	3	AcessoriosTextil		
641	TOALHAS HOMEM	3	AcessoriosTextil		
642	TOALHAS SENHORA	3	AcessoriosTextil		
643	TOALHAS JUNIOR	3	AcessoriosTextil		
651	LUVAS HOMEM	3	AcessoriosTextil		
652	LUVAS SENHORA	3	AcessoriosTextil		
653	LUVAS RAPAZ	3	AcessoriosTextil		
654	LUVAS RAPARIGA	3	AcessoriosTextil		
655	LUVAS BEBÉ	3	AcessoriosTextil		
656	LUVAS UNISEXO	3	AcessoriosTextil		
661	LINGERIE HOMEM	3	AcessoriosTextil		
662	LINGERIE SENHORA	3	AcessoriosTextil		
663	LINGERIE RAPAZ	3	AcessoriosTextil		
671	BODY BALLET	3	AcessoriosTextil	Ballet	
672	SAIA BALLET	3	AcessoriosTextil	Ballet	
673	COLLANTS BALLET	3	AcessoriosTextil	Ballet	
674	SABRINA BALLET	3	AcessoriosTextil	Ballet	
675	PERNEIRA BALLET	3	AcessoriosTextil	Ballet	
676	CASACO BALLET	3	AcessoriosTextil	Ballet	
711	CAMISOLAS BENFICA	3	Clubes		
712	CALÇÕES BENFICA	3	Clubes		
713	KITS BENFICA	3	Clubes		
714	SACOS/MOCHILAS BENFICA	3	Clubes		
715	BOLAS BENFICA	3	Clubes		
716	MEIAS BENFICA	3	Clubes		
717	TEXTIL BENFICA	3	Clubes		
718	BONÉS/GORROS/CACHECOL BENFICA	3	Clubes		
719	RESTANTES ACESSÓRIOS BENFICA	3	Clubes		
721	CAMISOLAS SPORTING	3	Clubes		
722	CALÇÕES SPORTING	3	Clubes		
723	KITS SPORTING	3	Clubes		
724	SACOS/MOCHILAS SPORTING	3	Clubes		
725	BOLAS SPORTING	3	Clubes		
726	MEIAS SPORTING	3	Clubes		
727	TEXTIL SPORTING	3	Clubes		
728	BONÉS/GORROS/CACHECOL SPORTING	3	Clubes		
729	RESTANTES ACESSÓRIOS SPORTING	3	Clubes		
731	CAMISOLAS PORTO	3	Clubes		
732	CALÇÕES PORTO	3	Clubes		
733	KITS PORTO	3	Clubes		
734	SACOS/MOCHILAS PORTO	3	Clubes		
735	BOLAS PORTO	3	Clubes		
736	MEIAS PORTO	3	Clubes		
737	TEXTIL PORTO	3	Clubes		
738	BONÉS/GORROS/CACHECOL PORTO	3	Clubes		
739	RESTANTES ACESSÓRIOS PORTO	3	Clubes		
741	CAMISOLAS PORTUGAL	3	Clubes		
742	CALÇÕES PORTUGAL	3	Clubes		
743	KITS PORTUGAL	3	Clubes		
745	BOLAS PORTUGAL	3	Clubes		
746	MEIAS PORTUGAL	3	Clubes		
747	TEXTIL PORTUGAL	3	Clubes		
748	BONÉS/GORROS/CACHECOL PORTUGAL	3	Clubes		
749	RESTANTES ACESSÓRIOS PORTUGAL	3	Clubes		
751	CAMISOLAS	3	Clubes		
752	CALÇÕES	3	Clubes		
758	BONÉS/GORROS/CACHECOL	3	Clubes		
811	BOLAS	3	AcessoriosDiversos		
821	SACOS	3	AcessoriosDiversos		
822	MOCHILAS	3	AcessoriosDiversos		
823	BOLSAS/MALAS	3	AcessoriosDiversos		
824	SAPATEIRAS	3	AcessoriosDiversos		
825	BOLSAS DIVERSAS	3	AcessoriosDiversos		
831	CARTEIRAS	3	AcessoriosDiversos		
832	CHAVEIROS	3	AcessoriosDiversos		
833	PORTA-MOEDAS	3	AcessoriosDiversos		
834	CINTOS	3	AcessoriosDiversos		
839	OUTROS ACESSÓRIOS	3	AcessoriosDiversos		
841	RELOGIO HOMEM	3	AcessoriosDiversos		
842	RELOGIO SENHORA	3	AcessoriosDiversos		
843	RELOGIO JUNIOR/UNISEXO	3	AcessoriosDiversos		
848	OCULOS ESCUROS	3	AcessoriosDiversos		
851	CINTOS JUDO	3	AcessoriosDiversos		
861	CANELEIRAS HOMEM	3	AcessoriosDiversos		
862	CANELEIRAS RAPAZ	3	AcessoriosDiversos		
863	JOELHEIRAS	3	AcessoriosDiversos		
864	PÉS	3	AcessoriosDiversos		
865	PULSOS	3	AcessoriosDiversos		
866	FITAS	3	AcessoriosDiversos		
867	BRAÇADEIRAS	3	AcessoriosDiversos		
868	LUVAS ESPECIFICAS	3	AcessoriosDiversos		
869	OUTRAS PROTECÇÕES	3	AcessoriosDiversos		
871	TOUCAS NATAÇÃO	3	AcessoriosDiversos	Natação	
872	OCULOS NATAÇÃO	3	AcessoriosDiversos	Natação	
873	BRAÇADEIRAS	3	AcessoriosDiversos		
879	OUTROS ACESSORIOS NATAÇÃO	3	AcessoriosDiversos	Natação	
881	RAQUETES PING-PONG	3	AcessoriosDiversos	Ping-pong	
882	RAQUETES TENIS	3	AcessoriosDiversos	Ténis	
883	RAQUETES BADMINTON	3	AcessoriosDiversos	Badminton	
884	RAQUETES SQUASH	3	AcessoriosDiversos	Squash	
885	RAQUETES PADEL	3	AcessoriosDiversos	Ténis	
891	ACESSORIOS FUTEBOL	3	AcessoriosDiversos	Futebol	
892	ACESSÓRIOS GINÁSTICA	3	AcessoriosDiversos	Ginástica	
893	ACESSÓRIOS BASQUETEBOL	3	AcessoriosDiversos	Basquetebol	
894	ACESSÓRIOS TREINO TÉRMICOS	3	AcessoriosDiversos	Treino	
895	PATINS/SKATES	3	AcessoriosDiversos	Skate	
898	JOGOS DE DARDOS	3	AcessoriosDiversos		
899	ACESSÓRIOS DIVERSOS	3	AcessoriosDiversos		
911	Camisolas	3	Equipamentos		
912	Calções	3	Equipamentos		
913	Conjuntos (Camisola+Calção)	3	Equipamentos		
914	Basquetebol	3	Equipamentos	Basquetebol	
921	Camisolas GR	3	Equipamentos		
922	Calções/Calças GR	3	Equipamentos		
923	Conjuntos GR	3	Equipamentos		
931	FT Acetato	3	Equipamentos		
932	FT Microfibra	3	Equipamentos		
981	Camisolas Arbitro	3	Equipamentos		
982	Calções Arbitro	3	Equipamentos		
983	Bandeiras Arbitro auxiliar	3	Equipamentos		
991	Bolas Pilates/Yoga	3	Equipamentos	Ginástica	
992	Sacos Bolas	3	Equipamentos		
993	Mochilas	3	Equipamentos		
994	Caneleiras	3	Equipamentos		
995	Cestos Plástico	3	Equipamentos		
996	Cones - Pinos - Marcos	3	Equipamentos		
997	Escadas treino velocidade	3	Equipamentos	Treino	
998	Cestos com Garrafas de Agua	3	Equipamentos		
999	Coletes	3	Equipamentos		
1111	Chuteiras Futebol Homem Pelado HG	4	Calcado		
1112	Chuteiras Futebol Homem Relvado FG	4	Calcado		
1113	Chuteiras Futebol Homem MultiGround MG	4	Calcado		
1114	Chuteiras Futebol Homem Relva Artificial AG	4	Calcado		
1115	Chuteiras Futebol Homem piton Misto FG/AG	4	Calcado		
1117	Sapatilhas Futebol Homem Turf	4	Calcado		
1131	Chuteiras Futebol Junior Pelado HG	4	Calcado		
1132	Chuteiras Futebol Junior Relvado FG	4	Calcado		
1133	Chuteiras Futebol Junior Multiground MG	4	Calcado		
1134	Chuteiras Futebol Junior Relva Artificial AG	4	Calcado		
1135	Chuteiras Futebol Junior piton Misto FG/AG	4	Calcado		
1137	Sapatilhas Futebol Junior Turf	4	Calcado		
1151	Sapatilhas Futsal Homem Atacador	4	Calcado		
1152	Sapatilhas Futsal Homem Elástico	4	Calcado		
1153	Sapatilhas Futsal Homem Velcro	4	Calcado		
1161	Sapatilhas Futsal Senhora Atacador	4	Calcado		
1171	Sapatilhas Futsal Junior Atacador	4	Calcado		
1172	Sapatilhas Futsal Junior Elástico	4	Calcado		
1173	Sapatilhas Futsal Junior Velcro	4	Calcado		
1211	Sapatilhas Ténis-Padel Homem Atacador	4	Calcado		
1221	Sapatilhas Ténis-Padel Senhora Atacador	4	Calcado		
1231	Sapatilhas Ténis-Padel Junior Atacador	4	Calcado		
1241	Sapatilhas Skate Homem Atacador	4	Calcado		
1251	Sapatilhas Skate Senhora Atacador	4	Calcado		
1261	Sapatilhas Skate Junior Atacador	4	Calcado		
1262	Sapatilhas Skate Junior Elastico	4	Calcado		
1271	Sapatilhas Bicicleta/BTT/Indoor Cycling	4	Calcado		
1311	Sapatilhas Atletismo Homem Treino	4	Calcado		
1312	Sapatilhas Atletismo Homem Competição	4	Calcado		
1313	Sapatilhas Atletismo Homem Pista (Bicos)	4	Calcado		
1314	Sapatilhas Andamento Homem (Walking)	4	Calcado		
1315	Sapatilhas Atletismo Salto em Altura (Unisexo)	4	Calcado		
1316	Sapatilhas Atletismo Lançamento do Disco (Unisexo)	4	Calcado		
1317	Sapatilhas Atletismo Homem Trail	4	Calcado		
1321	Sapatilhas Atletismo Senhora Treino	4	Calcado		
1322	Sapatilhas Atletismo Senhora Competição	4	Calcado		
1323	Sapatilhas Atletismo Senhora Pista (Bicos)	4	Calcado		
1324	Sapatilhas Andamento Senhora (Walking)	4	Calcado		
1327	Sapatilhas Atletismo Senhora Trail	4	Calcado		
1331	Sapatilhas Atletismo Junior Treino	4	Calcado		
1332	Sapatilhas Atletismo Junior Competição	4	Calcado		
1333	Sapatilhas Atletismo Junior Pista (Bicos)	4	Calcado		
1334	Sapatilhas Andamento Junior (Walking)	4	Calcado		
1337	Sapatilhas Atletismo Junior Trail	4	Calcado		
1411	Sapatilhas Basquetebol Homem Altas	4	Calcado		
1412	Sapatilhas Basquetebol Homem Baixas	4	Calcado		
1431	Sapatilhas Basquetebol Junior Altas	4	Calcado		
1432	Sapatilhas Basquetebol Junior Baixas	4	Calcado		
1451	Sapatilhas Andebol Homem Atacador	4	Calcado		
1461	Sapatilhas Andebol Senhora Atacador	4	Calcado		
1471	Sapatilhas Andebol Junior Atacador	4	Calcado		
1472	Sapatilhas Andebol Junior Velcro	4	Calcado		
1481	Sapatilhas Pavilhão Homem	4	Calcado		
1482	Sapatilhas Pavilhão Senhora	4	Calcado		
1483	Sapatilhas Pavilhão Junior	4	Calcado		
1511	Sapatilhas Ginásio/Treino Homem	4	Calcado		
1512	Sapatilhas Ginásio/Treino Senhora	4	Calcado		
1513	Sapatilhas Ginásio/Treino Junior	4	Calcado		
1531	Sapatilhas Dança Homem	4	Calcado		
1532	Sapatilhas Dança Senhora	4	Calcado		
1533	Sapatilhas Dança Junior	4	Calcado		
1541	Sapatilhas Yoga Homem	4	Calcado		
1542	Sapatilhas Yoga Senhora	4	Calcado		
1543	Sapatilhas Yoga Junior	4	Calcado		
1551	Sabrinas Ginástica	4	Calcado		
1611	Sapatilhas Lazer Homem Atacador	4	Calcado		
1612	Sapatilhas Lazer Homem Velcro	4	Calcado		
1613	Sapatilhas Lazer Homem Elastico	4	Calcado		
1614	Sapatilhas Lazer Homem Fecho	4	Calcado		
1615	Sapatilhas Lazer Homem de Enfiar	4	Calcado		
1621	Sapatilhas Lazer Senhora Atacador	4	Calcado		
1622	Sapatilhas Lazer Senhora Velcro	4	Calcado		
1623	Sapatilhas Lazer Senhora Elastico	4	Calcado		
1624	Sapatilhas Lazer Senhora Fecho	4	Calcado		
1625	Sapatilhas Lazer Senhora de Enfiar	4	Calcado		
1631	Sapatilhas Lazer Junior Atacador	4	Calcado		
1632	Sapatilhas Lazer Junior Velcro	4	Calcado		
1633	Sapatilhas Lazer Junior Elastico	4	Calcado		
1634	Sapatilhas Lazer Junior Fecho	4	Calcado		
1641	Sapatilhas Lazer Bebé Atacador	4	Calcado		
1642	Sapatilhas Lazer Bebé Velcro	4	Calcado		
1643	Sapatilhas Lazer Bebé Elastico	4	Calcado		
1644	Sapatilhas Lazer Bebé Fecho	4	Calcado		
1711	Sapatos Vela Homem	4	Calcado		
1712	Sapatos Vela Senhora	4	Calcado		
1713	Sapatos Vela Junior	4	Calcado		
1721	Sapatos Lazer Homem	4	Calcado		
1722	Sapatos Lazer Senhora	4	Calcado		
1723	Sapatos Lazer Junior	4	Calcado		
1731	Botas Lazer Homem	4	Calcado		
1732	Botas Lazer Senhora	4	Calcado		
1733	Botas Lazer Junior	4	Calcado		
1734	Botas Lazer Bebé	4	Calcado		
1751	Sapatos Outdoor/Montanha Homem	4	Calcado		
1752	Sapatos Outdoor/Montanha Senhora	4	Calcado		
1753	Sapatos Outdoor/Montanha Junior	4	Calcado		
1761	Botas Outdoor/Montanha Homem	4	Calcado		
1762	Botas Outdoor/Montanha Senhora	4	Calcado		
1763	Botas Outdoor/Montanha Junior	4	Calcado		
1811	Sandálias Homem	4	Calcado		
1821	Sandálias Senhora	4	Calcado		
1831	Sandálias Junior	4	Calcado		
1841	Sandálias Bebé	4	Calcado		
1851	Chinelos Homem Enfiar	4	Calcado		
1852	Chinelos Homem Dedo	4	Calcado		
1853	Chinelos Homem Velcro	4	Calcado		
1854	Sapatos Homem HidroGinástica	4	Calcado		
1861	Chinelos Senhora Enfiar	4	Calcado		
1862	Chinelos Senhora Dedo	4	Calcado		
1863	Chinelos Senhora Velcro	4	Calcado		
1864	Sapatos Senhora HidroGinástica	4	Calcado		
1871	Chinelos Junior Enfiar	4	Calcado		
1872	Chinelos Junior Dedo	4	Calcado		
1873	Chinelos Junior Velcro	4	Calcado		
1874	Sapatos Junior HidroGinástica	4	Calcado		
1911	Slip-On Homem Lisas	4	Calcado		
1912	Slip-On Homem Estampadas	4	Calcado		
1921	Slip-On Senhora Lisas	4	Calcado		
1922	Slip-On Senhora Estampadas	4	Calcado		
1931	Slip-On Junior Lisas	4	Calcado		
1932	Slip-On Junior Estampadas	4	Calcado		
1961	Lonas Homem Atacador	4	Calcado		
1971	Lonas Senhora Atacador	4	Calcado		
1981	Lonas Junior Atacador	4	Calcado		
1982	Lonas Junior Velcro	4	Calcado		
1983	Lonas Junior Elástico	4	Calcado		
1991	Lonas Bebé Atacador	4	Calcado		
1992	Lonas Bebé Velcro	4	Calcado		
1993	Lonas Bebé Elástico	4	Calcado		
3111	FT Homem Algodão	4	Textil		
3112	FT Homem Acetato	4	Textil		
3113	FT Homem Pele Pessego	4	Textil		
3114	FT Homem Micro-Fibra	4	Textil		
3115	FT Homem Poliester	4	Textil		
3121	FT Senhora Algodão	4	Textil		
3122	FT Senhora Acetato	4	Textil		
3123	FT Senhora Pele Pessego	4	Textil		
3124	FT Senhora MicroFibra	4	Textil		
3125	FT Senhora Poliester	4	Textil		
3126	FT Senhora Algodão-Lycra	4	Textil		
3131	FT Rapaz Algodão	4	Textil		
3132	FT Rapaz Acetato	4	Textil		
3133	FT Rapaz Pele Pessego	4	Textil		
3134	FT Rapaz Microfibra	4	Textil		
3135	FT Rapaz Poliester	4	Textil		
3141	FT Rapariga Algodão	4	Textil		
3142	FT Rapariga Acetato	4	Textil		
3143	FT Rapariga Pele Pessego	4	Textil		
3144	FT Rapariga Microfibra	4	Textil		
3145	FT Rapariga Poliester	4	Textil		
3146	FT Rapariga Algodão-Lycra	4	Textil		
3151	FT Bebé Algodão	4	Textil		
3152	FT Bebé Malha Polar	4	Textil		
3153	FT Bebé Acetato	4	Textil		
3154	FT Bebé Microfibra	4	Textil		
3211	Calções/Shorts Homem Banho Curtos	4	Textil		
3212	Calções/Shorts Homem Banho Médios	4	Textil		
3213	Calções/Shorts Homem Banho Compridos	4	Textil		
3214	Calções/Shorts Senhora Banho Curtos	4	Textil		
3215	Calções/Shorts Senhora Banho Médios	4	Textil		
3216	Calções/Shorts Senhora Banho Compridos	4	Textil		
3217	Calções/Shorts Junior Banho Curtos	4	Textil		
3218	Calções/Shorts Junior Banho Médios	4	Textil		
3219	Calções/Shorts Junior  Banho Compridos	4	Textil		
3221	Calções Homem Passeio Curtos	4	Textil		
3222	Calções Homem Passeio Médios	4	Textil		
3223	Calções Homem Passeio Compridos	4	Textil		
3224	Calções Senhora Passeio Curtos	4	Textil		
3225	Calções Senhora Passeio Médios	4	Textil		
3226	Calções Senhora Passeio Compridos	4	Textil		
3227	Calções Junior Passeio Curtos	4	Textil		
3228	Calções Junior Passeio Médios	4	Textil		
3229	Calções Junior Passeio Compridos	4	Textil		
3231	Calções Atlétismo Homem Senhora Prova	4	Textil		
3232	Calções Atlétismo Homem Senhora Licra	4	Textil		
3233	Calções Atletismo Homem Senhora Treino	4	Textil		
3236	Cueca Atletismo Senhora Prova	4	Textil		
3241	Calções Ciclismo Homem com Reforço	4	Textil		
3242	Calções Ciclismo Homem Licra sem Reforço	4	Textil		
3243	Calções Ciclismo Homem Com Alsas com Reforço	4	Textil		
3249	Camisolas Ciclismo	4	Textil		
3251	Calções Algodão/Licra Treino Senhora	4	Textil		
3252	Calções Algodão Treino Homem	4	Textil		
3253	Calções Microfibra/Poliester Treino Homem	4	Textil		
3254	Calções Algodão Treino Rapariga	4	Textil		
3255	Calções Algodão Treino Senhora	4	Textil		
3256	Calções Algodão Treino Junior	4	Textil		
3257	Calções Algodão/Licra Treino Rapariga	4	Textil		
3258	Calções Microfibra/Poliester Treino Junior	4	Textil		
3259	Calções Microfibra/Poliester Treino Senhora	4	Textil		
3261	Calções Futebol Treino Homem	4	Textil		
3262	Calções Futebol Treino Junior	4	Textil		
3271	Calções Basquetebol Simples	4	Textil		
3272	Calções Basquetebol Reversiveis	4	Textil		
3281	Calções Ténis Adulto/Homem	4	Textil		
3282	Calções Ténis Junior	4	Textil		
3283	Saia-Calção Ténis Senhora/Menina	4	Textil		
3311	T-s Homem Simples	4	Textil		
3312	T-s Homem Estampa á Frente	4	Textil		
3313	T-s Homem Estampa Atrás	4	Textil		
3314	T-s Homem Decote em Bico	4	Textil		
3315	T-s Homem de Cavas	4	Textil		
3316	T-s Homem Piquet	4	Textil		
3317	T-s Homem Licra/Poliester	4	Textil		
3318	T-s Homem Estampa na Manga	4	Textil		
3319	T-s Homem Estampa de Lado	4	Textil		
3321	T-s Senhora Simples	4	Textil		
3322	T-s Senhora Estampa á Frente	4	Textil		
3323	T-s Senhora Estampa Atrás	4	Textil		
3324	T-s Senhora Decote em Bico	4	Textil		
3325	Top Senhora	4	Textil		
3326	T-s Senhora de Cavas	4	Textil		
3327	T-s Senhora de Alsas	4	Textil		
3328	T-s Senhora Gola Larga	4	Textil		
3329	T-s Senhora Licra/Poliester	4	Textil		
3331	T-s Rapaz Simples	4	Textil		
3332	T-s Rapaz Estampa á Frente	4	Textil		
3333	T-s Rapaz Estampa Atrás	4	Textil		
3334	T-s Rapaz Decote em Bico	4	Textil		
3335	T-s Rapaz de Cavas	4	Textil		
3336	T-s Rapaz Poliester/Licra	4	Textil		
3339	T-s Rapaz Estampa de Lado	4	Textil		
3341	T-s Rapariga Simples	4	Textil		
3342	T-s Rapariga Estampa á Frente	4	Textil		
3343	T-s Rapariga Estampa Atrás	4	Textil		
3344	T-s Rapariga Decote em Bico	4	Textil		
3345	T-s Rapariga de Cavas	4	Textil		
3346	Top Rapariga	4	Textil		
3347	T-s Rapariga Capuz	4	Textil		
3348	T-s Rapariga Alsas	4	Textil		
3349	T-s Rapariga Licra/Poliester	4	Textil		
3351	T-s Bebé Simples	4	Textil		
3352	T-s Bebé Riscas	4	Textil		
3353	T-s Bebé Estampada	4	Textil		
3354	T-s Bebé Cavas	4	Textil		
3361	T-s Atletismo Homem	4	Textil		
3362	T-s Atletismo Senhora	4	Textil		
3363	T-s Atletismo Junior	4	Textil		
3364	LS/Sweat Atletismo Homem	4	Textil		
3365	LS/Sweat Atletismo Senhora	4	Textil		
3366	LS/Sweat Atletismo Junior	4	Textil		
3371	T-s Basquetebol Homem	4	Textil		
3372	T-s Basquetebol Junior	4	Textil		
3381	Polos Ténis Homem	4	Textil		
3382	T-s / Tops Ténis Senhora	4	Textil		
3383	Polos Ténis Rapaz	4	Textil		
3384	T-s / Tops Ténis Rapariga	4	Textil		
3411	Sweats Homem Algodão Cardadas	4	Textil		
3412	Sweats Homem Algodão sem Carda	4	Textil		
3413	T-s Homem Algodão LongSleeve	4	Textil		
3414	Sweats Homem Algodão c/Capuz Sem Carda	4	Textil		
3415	Sweats Homem Malha Polar	4	Textil		
3416	Sweats Homem Algodão c/Capuz Cardada	4	Textil		
3417	Casaco Homem FullZip Acetato-Microfibra	4	Textil		
3418	Casaco Homem FullZip Algodão Sem Carda	4	Textil		
3419	Casaco Homem FullZip Algodão Cardado	4	Textil		
3421	Sweats Senhora Algodão Cardadas	4	Textil		
3422	Sweats Senhora Algodão sem Carda	4	Textil		
3423	T-s Senhora Algodão LongSleeve	4	Textil		
3424	Sweats Senhora Algodão c/Capuz Sem Carda	4	Textil		
3425	Sweats Senhora Malha Polar	4	Textil		
3426	Sweats Senhora Algodão c/Capuz Cardada	4	Textil		
3427	Casaco Senhora Fullzip Acetato/Microfibra	4	Textil		
3428	Casaco Senhora FullZip Algodão sem Carda	4	Textil		
3429	Casaco Senhora FullZip Algodão Cardado	4	Textil		
3431	Sweats Rapaz Algodão Cardadas	4	Textil		
3432	Sweats Rapaz Algodão sem Carda	4	Textil		
3433	T-s Rapaz Algodão LongSleeve	4	Textil		
3434	Sweats Rapaz Algodão c/Capuz Sem Carda	4	Textil		
3435	Sweats Rapaz Algodão c/Capuz Cardada	4	Textil		
3436	Sweats Rapaz Polar	4	Textil		
3437	Sweats Rapaz Fullzip Acetato	4	Textil		
3438	Casaco Rapaz FullZip Algodão Sem Carda	4	Textil		
3439	Casaco Rapaz FullZip Algodão Cardado	4	Textil		
3441	Sweats Rapariga Algodão Cardadas	4	Textil		
3442	Sweats Rapariga Algodão sem Carda	4	Textil		
3443	T-s Rapariga Algodão LongSleeve	4	Textil		
3444	Sweats Rapariga Algodão c/Capuz Sem Carda	4	Textil		
3445	Casaco Rapariga FullZip Acetato	4	Textil		
3446	Sweats Rapariga Algodão c/Capuz Cardada	4	Textil		
3447	Sweats Rapariga Malha Polar	4	Textil		
3448	Casaco Rapariga FullZip Algodão Sem Carda	4	Textil		
3449	Casaco Rapariga FullZip Algodão Cardado	4	Textil		
3451	Sweats Bebé Algodão Cardadas	4	Textil		
3452	Sweats Bebé Algodão sem Carda	4	Textil		
3453	T-s Bebé Algodão LongSleeve	4	Textil		
3454	Sweats Bebé Algodão c/Capuz Sem Carda	4	Textil		
3455	Sweats Bebé Malha Polar	4	Textil		
3456	Sweats Bebé Algodão c/Capuz Cardada	4	Textil		
3458	Casaco Bebé FullZip Algodão Sem Carda	4	Textil		
3459	Casaco Bebé FullZip Algodão Cardado	4	Textil		
3511	Calças Homem Algodão Cardadas	4	Textil		
3512	Calças Homem Algodão sem Carda	4	Textil		
3513	Calças Homem Acetato/Poliamida	4	Textil		
3514	Calças Homem Poliester/Microfibra	4	Textil		
3515	Calças Homem de Passeio (Sarja/Ganga)	4	Textil		
3517	Calças Homem Yoga	4	Textil		
3518	Calças Homem Hip-Hop	4	Textil		
3519	Calças Homem de Licra - Atletismo	4	Textil		
3521	Calças Senhora Algodão Cardadas	4	Textil		
3522	Calças Senhora Algodão sem Carda	4	Textil		
3523	Calças Senhora Acetato	4	Textil		
3524	Calças Senhora Poliester/Microfibra	4	Textil		
3525	Calças Senhora Algodão Licra/Suplex	4	Textil		
3526	Calças Senhora de Passeio (Sarja/Ganga)	4	Textil		
3527	Calças Senhora Yoga	4	Textil		
3528	Calças Senhora Hip-Hop	4	Textil		
3529	Calças Senhora de Licra - Atletismo	4	Textil		
3531	Calças Rapaz Algodão Cardadas	4	Textil		
3532	Calças Rapaz Algodão sem Carda	4	Textil		
3533	Calças Rapaz Acetato	4	Textil		
3534	Calças Rapaz Poliester/Microfibra	4	Textil		
3535	Calças Rapaz de Passeio (Sarja/Ganga)	4	Textil		
3536	Calças Rapaz de Licra - Atletismo	4	Textil		
3541	Calças Rapariga Algodão Cardadas	4	Textil		
3542	Calças Rapariga Algodão sem Carda	4	Textil		
3543	Calças Rapariga Acetato	4	Textil		
3544	Calças Rapariga Poliester/Microfibra	4	Textil		
3545	Calças Rapariga de Passeio (Sarja/Ganga)	4	Textil		
3546	Calças Rapariga Algodão Licra/Suplex	4	Textil		
3547	Calças Rapariga de Licra - Atletismo	4	Textil		
3551	Calças Bebé Algodão Cardadas	4	Textil		
3552	Calças Bebé Algodão sem Carda	4	Textil		
3553	Calças Bebé Tecido - p/passeio	4	Textil		
3554	Calças Bebé Microfibra	4	Textil		
3571	Bermudas Homem	4	Textil		
3572	Bermudas Senhora	4	Textil		
3573	Bermudas Rapaz	4	Textil		
3574	Bermudas Rapariga	4	Textil		
3575	Bermudas Bebé	4	Textil		
3576	Leggings Senhora	4	Textil		
3577	Leggings Rapariga	4	Textil		
3591	Vestidos Senhora	4	Textil		
3592	Saias Senhora	4	Textil		
3593	Pareo Senhora / Rapariga	4	Textil		
3594	Saia-Calção Senhora	4	Textil		
3595	Vestidos/Saias de Rapariga	4	Textil		
3596	Saia-Calção Rapariga	4	Textil		
3597	Vestidos/Saias de Bebé	4	Textil		
3611	Tanga Homem Piscina	4	Textil		
3612	Shorts Homem c/Perna Piscina	4	Textil		
3613	Sunga Homem Piscina	4	Textil		
3614	Jammer Homem Compridos Piscina	4	Textil		
3619	Fatos de Banho Homem Competição Piscina	4	Textil		
3621	Fatos de Banho Senhora Piscina	4	Textil		
3622	Fatos de Banho Senhora Praia	4	Textil		
3623	Fatos de Banho Senhora Ajustável	4	Textil		
3629	Fatos de Banho Senhora Competição Piscina	4	Textil		
3631	Tanga Rapaz Piscina	4	Textil		
3632	Shorts Rapaz c/Perna Piscina	4	Textil		
3633	Sunga Rapaz Piscina	4	Textil		
3634	Jammer Rapaz Compridos Piscina	4	Textil		
3641	Fatos de Banho Rapariga Piscina	4	Textil		
3642	Fatos de Banho Rapariga Praia	4	Textil		
3651	Bikini Senhora Top Triângulo	4	Textil		
3652	Bikini Senhora Top Armação	4	Textil		
3653	Bikini Senhora c/ Calção	4	Textil		
3654	Bikini Rapariga Triângulo	4	Textil		
3655	Bikini Rapariga Armação	4	Textil		
3656	Bikini Rapariga c/ Calção	4	Textil		
3657	Bikini Rapariga Top+Cueca	4	Textil		
3658	Trikinis Senhora	4	Textil		
3659	Bikini Senhora Top Cai-Cai	4	Textil		
3661	Fraldas Calção Bebé Piscina	4	Textil		
3662	Cueca s/ Top Bebé Piscina	4	Textil		
3663	T-s UV Banho Piscina	4	Textil		
3664	Tanga Bebé Piscina	4	Textil		
3665	Shorts Bebé c/ Perna Piscina	4	Textil		
3666	Fatos de Banho Bebé Piscina	4	Textil		
3667	Bikini Bebé Piscina	4	Textil		
3711	Blusões/Casacos Homem Impermeaveis	4	Textil		
3712	Blusões/Casacos Homem Curtos	4	Textil		
3713	Blusões/Casacos Homem Compridos-Parkas	4	Textil		
3714	Blusões/Casacos Homem Penas	4	Textil		
3715	Blusões/Casacos Homem Neve/Técnicos	4	Textil		
3716	Blusões/Casacos Homem Polares	4	Textil		
3717	Blusões/Casacos Homem Algodão	4	Textil		
3718	Blusões/Casacos Homem Malha	4	Textil		
3719	Coletes Homem	4	Textil		
3721	Blusões/Casacos Senhora Impermeaveis	4	Textil		
3722	Blusões/Casacos Senhora Curtos	4	Textil		
3723	Blusões/Casacos Senhora Compridos-Parkas	4	Textil		
3724	Blusões/Casacos Senhora Penas	4	Textil		
3725	Blusões/Casacos Senhora Neve/Técnicos	4	Textil		
3726	Blusões/Casacos Senhora Polares	4	Textil		
3727	Blusões/Casacos Senhora Algodão	4	Textil		
3728	Blusões/Casacos Senhora Malha	4	Textil		
3729	Coletes Senhora	4	Textil		
3731	Blusões/Casacos Rapaz Impermeáveis	4	Textil		
3732	Blusões/Casacos Rapaz Curtos	4	Textil		
3733	Blusões/Casacos Rapaz Compridos-Parkas	4	Textil		
3734	Blusões/Casacos Rapaz Penas	4	Textil		
3735	Blusões/Casacos Rapaz Neve/Técnicos	4	Textil		
3736	Blusões/Casacos Rapaz Polares	4	Textil		
3737	Blusões/Casacos Rapaz Algodão	4	Textil		
3738	Blusões/Casacos Rapaz Malha	4	Textil		
3739	Coletes Rapaz	4	Textil		
3741	Blusões/Casacos Rapariga Impermeáveis	4	Textil		
3742	Blusões/Casacos Rapariga Curtos	4	Textil		
3743	Blusões/Casacos Rapariga Compridos-Parkas	4	Textil		
3744	Blusões/Casacos Rapariga Penas	4	Textil		
3745	Blusões/Casacos Rapariga Neve/Técnicos	4	Textil		
3746	Blusões/Casacos Rapariga Polares	4	Textil		
3747	Blusões/Casacos Rapariga Algodão	4	Textil		
3748	Blusões/Casacos Rapariga Malha	4	Textil		
3749	Coletes Rapariga	4	Textil		
3751	Blusões/Casacos Bebé Impermeáveis	4	Textil		
3752	Blusões/Casacos Bebé Curtos	4	Textil		
3753	Blusões/Casacos Bebé Compridos-Parkas	4	Textil		
3756	Blusões/Casacos Bebé Polares	4	Textil		
3759	Coletes Bebé	4	Textil		
3811	Polos Homem Algodão	4	Textil		
3812	Polos Homem Pique	4	Textil		
3813	Polos Homem Algodão com Bolso	4	Textil		
3814	Polos Homem Pique com Bolso	4	Textil		
3815	Polos Homem Algodão com Fecho	4	Textil		
3816	Polos Homem Manga Comprida	4	Textil		
3817	Polos Homem Pique com Fecho	4	Textil		
3818	Polos Homem Licra/Poliester	4	Textil		
3821	Polos Senhora Algodão	4	Textil		
3822	Polos Senhora Pique	4	Textil		
3826	Polos Senhora Manga Comprida	4	Textil		
3831	Polos Rapaz Algodão	4	Textil		
3832	Polos Rapaz Pique	4	Textil		
3836	Polos Rapaz Manga Comprida	4	Textil		
3838	Polos Rapaz Dri-Fit/Climacool	4	Textil		
3841	Polos Rapariga Algodão	4	Textil		
3842	Polos Rapariga Pique	4	Textil		
3911	Camisas Homem Manga Curta	4	Textil		
3912	Camisas Homem Manga Comprida	4	Textil		
3921	Camisas Senhora Manga Curta	4	Textil		
3922	Camisas Senhora Manga Comprida	4	Textil		
3923	Blusas Senhora	4	Textil		
3924	Tunicas Senhora	4	Textil		
3931	Camisas Rapaz Manga Curta	4	Textil		
3932	Camisas Rapaz Manga Comprida	4	Textil		
3941	Camisa Rapariga Manga Curta	4	Textil		
3942	Camisa Rapariga Manga Comprida	4	Textil		
3943	Blusa Rapariga	4	Textil		
3944	Tunicas Rapariga	4	Textil		
3951	Camisolas/Malhas Homem Gola Redonda	4	Textil		
3952	Camisolas/Malhas Homem Gola em Bico	4	Textil		
3953	Camisolas/Malhas Homem Gola Dupla	4	Textil		
3954	Camisolas/Malhas Homem Gola Alta	4	Textil		
3955	Camisolas/Malhas Homem 1/2 Fecho	4	Textil		
3956	Camisolas/Malhas Homem 1/2 Gola	4	Textil		
3957	Camisolas/Malhas Homem c/Capuz	4	Textil		
3961	Camisolas/Malhas Senhora Gola Redonda	4	Textil		
3962	Camisolas/Malhas Senhora Gola em Bico	4	Textil		
3963	Camisolas/Malhas Senhora Gola Dupla	4	Textil		
3964	Camisolas/Malhas Senhora Gola Alta	4	Textil		
3965	Camisolas/Malhas Senhora 1/2 Fecho	4	Textil		
3966	Camisolas/Malhas Senhora 1/2 Gola	4	Textil		
3967	Camisolas/Malhas Senhora c/Capuz	4	Textil		
3971	Camisolas/Malhas Rapaz Gola Redonda	4	Textil		
3972	Camisolas/Malhas Rapaz Gola em Bico	4	Textil		
3973	Camisolas/Malhas Rapaz Gola Dupla	4	Textil		
3974	Camisolas/Malhas Rapaz Gola Alta	4	Textil		
3975	Camisolas/Malhas Rapaz 1/2 Fecho	4	Textil		
3976	Camisolas/Malhas Rapaz 1/2 Gola	4	Textil		
3981	Camisolas/Malhas Rapariga Gola Redonda	4	Textil		
3982	Camisolas/Malhas Rapariga Gola em Bico	4	Textil		
3983	Camisolas/Malhas Rapariga Gola Dupla	4	Textil		
3984	Camisolas/Malhas Rapariga Gola Alta	4	Textil		
3985	Camisolas/Malhas Rapariga 1/2 Fecho	4	Textil		
3986	Camisolas/Malhas Rapariga 1/2 Gola	4	Textil		
3991	Camisolas/Malhas Bebé Gola Redonda	4	Textil		
6111	Meias Homem Normais costura por fora	4	AcessoriosTextil		
6112	Meias Homem Normais costura dentro	4	AcessoriosTextil		
6113	Meias Homem Finas	4	AcessoriosTextil		
6114	Meias Homem meio cano	4	AcessoriosTextil		
6115	Meias Homem sem cano	4	AcessoriosTextil		
6116	Meias Homem Grossas	4	AcessoriosTextil		
6117	Meias Homem com Anti-derrapante	4	AcessoriosTextil		
6118	Meias Homem Atletismo	4	AcessoriosTextil	Atletismo	
6119	Meias Homem Futebol	4	AcessoriosTextil	Futebol	
6121	Meias Senhora Normais Costura por Fora	4	AcessoriosTextil		
6122	Meias Senhora Normais Costura por dentro	4	AcessoriosTextil		
6124	Meias Senhora Meio Cano	4	AcessoriosTextil		
6125	Meias Senhora sem cano	4	AcessoriosTextil		
6126	Meias Senhora Grossas	4	AcessoriosTextil		
6128	Meias Senhora Atletismo	4	AcessoriosTextil	Atletismo	
6129	Meias Senhora Aérobica Filigrana	4	AcessoriosTextil	Aeróbica	
6131	Meias Junior Normais Costura por Fora	4	AcessoriosTextil		
6132	Meias Junior Normais Costura por dentro	4	AcessoriosTextil		
6134	Meias Junior Meio Cano	4	AcessoriosTextil		
6135	Meias Junior Sem Cano	4	AcessoriosTextil		
6136	Meias Junior Grossas	4	AcessoriosTextil		
6139	Meias Junior Futebol	4	AcessoriosTextil	Futebol	
6141	Meias Bebé Normais Costura por Fora	4	AcessoriosTextil		
6142	Meias Bebé Normais Costura por Dentro	4	AcessoriosTextil		
6143	Meias Bebé Anti-Derrapante	4	AcessoriosTextil		
6144	Meias Bebé Grossas	4	AcessoriosTextil		
6211	Bonés Homem Abertos	4	AcessoriosTextil		
6212	Bonés Homem Fechados	4	AcessoriosTextil		
6213	Bonés Homem Inverno	4	AcessoriosTextil		
6215	Gorros Homem	4	AcessoriosTextil		
6217	Boina Homem	4	AcessoriosTextil		
6218	Chapeu Homem Panamá	4	AcessoriosTextil		
6221	Bonés Senhora Abertos	4	AcessoriosTextil		
6222	Bonés Senhora Fechados	4	AcessoriosTextil		
6225	Gorros Senhora	4	AcessoriosTextil		
6227	Boina Senhora	4	AcessoriosTextil		
6228	Chapeu Senhora Panamá	4	AcessoriosTextil		
6231	Bonés Rapaz Abertos	4	AcessoriosTextil		
6232	Bonés Rapaz Fechados	4	AcessoriosTextil		
6235	Gorros Rapaz	4	AcessoriosTextil		
6238	Chapéu Rapaz Panamá	4	AcessoriosTextil		
6241	Bonés Rapariga Abertos	4	AcessoriosTextil		
6242	Bonés Rapariga Fechados	4	AcessoriosTextil		
6245	Gorros Rapariga	4	AcessoriosTextil		
6248	Chapeu Rapariga Panamá	4	AcessoriosTextil		
6251	Bonés Bebé Abertos	4	AcessoriosTextil		
6252	Bonés Bebé Fechados	4	AcessoriosTextil		
6255	Gorros Bebé	4	AcessoriosTextil		
6256	Chapeu Bebé Panamá	4	AcessoriosTextil		
6311	Cachecol Homem Polar	4	AcessoriosTextil		
6312	Cachecol Homem Malha	4	AcessoriosTextil		
6313	Gola Homem Polar	4	AcessoriosTextil		
6314	Gola Homem Atletismo	4	AcessoriosTextil	Atletismo	
6321	Cachecol Senhora Polar	4	AcessoriosTextil		
6322	Cachecol Senhora Malha	4	AcessoriosTextil		
6323	Cachecol/Lenço Senhora Algodão	4	AcessoriosTextil		
6331	Cachecol Rapaz Polar	4	AcessoriosTextil		
6332	Cachecol Rapaz Malha	4	AcessoriosTextil		
6341	Cachecol Rapariga Polar	4	AcessoriosTextil		
6342	Cachecol Rapariga Malha	4	AcessoriosTextil		
6343	Cachecol/Lenço Rapariga Algodão	4	AcessoriosTextil		
6351	Cachecol Unisexo Criança Polar	4	AcessoriosTextil		
6352	Cachecol Unisexo Adulto/Homem Polar	4	AcessoriosTextil		
6353	Cachecol Unisexo Adulto/Homem Malha	4	AcessoriosTextil		
6354	Cachecol Unisexo Junior/Criança Malha	4	AcessoriosTextil		
6355	Cachecol Unisexo Adulto/Homem Tecido/Algodão	4	AcessoriosTextil		
6411	Toalhas Homem Praia	4	AcessoriosTextil		
6412	Toalhas Homem Piscina	4	AcessoriosTextil		
6413	Toalhas Homem Ginásio	4	AcessoriosTextil	Ginásio	
6421	Toalhas Senhora Praia	4	AcessoriosTextil		
6422	Toalhas Senhora Piscina	4	AcessoriosTextil		
6431	Toalhas Praia Junior	4	AcessoriosTextil		
6511	Luvas Homem Algodão/Malha	4	AcessoriosTextil		
6512	Luvas Homem Polar	4	AcessoriosTextil		
6513	Luvas Homem Neve	4	AcessoriosTextil		
6514	Luvas Homem Aquecimento/Treino	4	AcessoriosTextil	Treino	
6521	Luvas Senhora Algodão/Malha	4	AcessoriosTextil		
6522	Luvas Senhora Polar	4	AcessoriosTextil		
6523	Luvas Senhora Neve	4	AcessoriosTextil		
6531	Luvas Rapaz Algodão/Malha	4	AcessoriosTextil		
6532	Luvas Rapaz Polar	4	AcessoriosTextil		
6541	Luvas Rapariga Algodão/Malha	4	AcessoriosTextil		
6542	Luvas Rapariga Polar	4	AcessoriosTextil		
6551	Luvas Bebé Algodão/Malha	4	AcessoriosTextil		
6552	Luvas Bebé Polar	4	AcessoriosTextil		
6561	Luvas Unisexo Junior Polar	4	AcessoriosTextil		
6562	Luvas Unisexo Adulto/Homem Polar	4	AcessoriosTextil		
6563	Luvas Unisexo Junior Algodão/Malha	4	AcessoriosTextil		
6564	Luvas Unisexo Adulto/Homem Algodão/Malha	4	AcessoriosTextil		
6611	Boxer Homem	4	AcessoriosTextil		
6621	Cueca Senhora	4	AcessoriosTextil		
6622	Sotiens Senhora	4	AcessoriosTextil		
6623	Leggings Senhora	4	AcessoriosTextil		
6624	Leggings Rapariga	4	AcessoriosTextil		
6631	Boxer Rapaz	4	AcessoriosTextil		
6711	Body Ballet Criança/Junior	4	AcessoriosTextil	Ballet	
6712	Body Ballet Adulto/Senhora	4	AcessoriosTextil	Ballet	
6721	Saia Ballet Criança/Junior	4	AcessoriosTextil	Ballet	
6722	Saia Ballet Adulto/Senhora	4	AcessoriosTextil	Ballet	
6731	Collants Ballet Criança/Junior	4	AcessoriosTextil	Ballet	
6732	Collants Ballet Adulto/Senhora	4	AcessoriosTextil	Ballet	
6741	Sabrina Ballet	4	AcessoriosTextil	Ballet	
6751	Perneira Ballet	4	AcessoriosTextil	Ballet	
6761	Casaco Ballet Criança/Junior	4	AcessoriosTextil	Ballet	
6762	Casaco Ballet Adulto/Senhora	4	AcessoriosTextil	Ballet	
7111	Camisolas Benfica Adulto/Homem	4	Clubes		Homem
7112	Camisolas Benfica Junior	4	Clubes		Junior
7121	Calções Benfica Adulto/Homem	4	Clubes		Homem
7122	Calções Benfica Junior	4	Clubes		Junior
7131	Kits Benfica	4	Clubes		
7141	Sacos Benfica	4	Clubes		
7142	Mochilas Benfica	4	Clubes		
7143	Sapateira Benfica	4	Clubes		
7144	Carteiras Benfica	4	Clubes		
7151	Bolas Benfica	4	Clubes		
7161	Meias Benfica	4	Clubes		
7171	Fatos de Treino Benfica	4	Clubes	Treino	
7172	Sweats Benfica	4	Clubes		
7173	T-s Benfica	4	Clubes		
7174	Polos Benfica	4	Clubes		
7181	Bonés Benfica	4	Clubes		
7182	Gorros Benfica	4	Clubes		
7183	Cachecol Benfica	4	Clubes		
7191	Caneleira Benfica	4	Clubes		
7192	Luvas Benfica	4	Clubes		
7193	Lenços Benfica	4	Clubes		
7194	Toalhas Benfica	4	Clubes		
7195	Chaveiros Benfica	4	Clubes		
7211	Camisolas Sporting Adulto/Homem	4	Clubes		Homem
7212	Camisolas Sporting Junior	4	Clubes		Junior
7213	Camisolas Sporting Senhora	4	Clubes		Senhora
7214	Camisolas Sporting Treino Adulto/Homem	4	Clubes	Treino	Homem
7221	Calções Sporting Adulto/Homem	4	Clubes		Homem
7222	Calções Sporting Junior	4	Clubes		Junior
7231	Kits Sporting	4	Clubes		
7241	Sacos Sporting	4	Clubes		
7242	Mochilas Sporting	4	Clubes		
7243	Sapateiras Sporting	4	Clubes		
7244	Carteiras Sporting	4	Clubes		
7245	Estojos Sporting Escolares	4	Clubes		
7246	Bolsas Toilette Sporting	4	Clubes		
7247	Bolsas Ombro Sporting	4	Clubes		
7251	Bolas Sporting	4	Clubes		
7252	Bolas Mini Sporting	4	Clubes		
7261	Meias Sporting	4	Clubes		
7271	Fatos de Treino Sporting	4	Clubes	Treino	
7272	Sweats Sporting	4	Clubes		
7273	T-s Sporting	4	Clubes		
7274	Polos Sporting	4	Clubes		
7275	Blusões Sporting	4	Clubes		
7281	Bonés Sporting	4	Clubes		
7282	Gorros Sporting	4	Clubes		
7283	Cachecol Sporting	4	Clubes		
7291	Caneleiras Sporting	4	Clubes		
7292	Bolsas Telemóvel Sporting	4	Clubes		
7311	Camisolas Porto Adulto/Homem	4	Clubes		Homem
7312	Camisolas Porto Junior	4	Clubes		Junior
7321	Calções Porto	4	Clubes		
7331	Kits Porto	4	Clubes		
7341	Sacos Porto	4	Clubes		
7342	Mochilas Porto	4	Clubes		
7351	Bolas Porto	4	Clubes		
7352	Bolas Mini Porto	4	Clubes		
7361	Meias Porto	4	Clubes		
7381	Bonés Porto	4	Clubes		
7382	Gorro Porto	4	Clubes		
7383	Cachecol Porto	4	Clubes		
7411	Camisolas Portugal Adulto/Homem	4	Clubes		Homem
7412	Camisolas Portugal Junior	4	Clubes		Junior
7421	Calções Portugal	4	Clubes		
7431	Kits Portugal	4	Clubes		
7451	Bolas Portugal	4	Clubes		
7461	Meias Portugal	4	Clubes		
7471	Fatos de Treino Portugal	4	Clubes	Treino	
7472	Sweats Portugal	4	Clubes		
7473	T-s Portugal	4	Clubes		
7474	Polos Portugal	4	Clubes		
7475	Casacos Portugal Poliester/Algodão	4	Clubes		
7481	Bonés Portugal	4	Clubes		
7482	Gorros Portugal	4	Clubes		
7483	Cachecol Portugal	4	Clubes		
7491	Caneleiras Portugal	4	Clubes		
7493	Lenços Portugal	4	Clubes		
7495	Sacos Portugal	4	Clubes		
7499	Bandeiras Portugal	4	Clubes		
7511	Camisolas Outros Clubes/Paises	4	Clubes		
7521	Calções Outros Clubes/Paises	4	Clubes		
7581	Bonés Outros Clubes/Paises	4	Clubes		
7582	Gorros Outros Clubes/Paises	4	Clubes		
7583	Cachecol Outros Clubes/Paises	4	Clubes		
8111	Bolas Futebol	4	AcessoriosDiversos	Futebol	
8112	Bolas Futsal	4	AcessoriosDiversos	Futsal	
8113	Bolas Basquetebol	4	AcessoriosDiversos	Basquetebol	
8114	Bolas Volley	4	AcessoriosDiversos	Volley	
8115	Bolas Tenis	4	AcessoriosDiversos	Ténis	
8116	Bolas Ping-Pong	4	AcessoriosDiversos	Ping-pong	
8117	Bolas Andebol	4	AcessoriosDiversos	Andebol	
8118	Bolas Rugby	4	AcessoriosDiversos		
8119	Bolas MINI	4	AcessoriosDiversos		
8211	Sacos Mini - XS	4	AcessoriosDiversos		
8212	Sacos Pequenos - S	4	AcessoriosDiversos		
8213	Sacos Médios - M	4	AcessoriosDiversos		
8214	Sacos Grandes - L	4	AcessoriosDiversos		
8215	Sacos Muito Grandes - XL	4	AcessoriosDiversos		
8216	Sacos Enormes - XXL	4	AcessoriosDiversos		
8217	Sacos Massagista	4	AcessoriosDiversos		
8218	Sacos Finos Gymbags	4	AcessoriosDiversos		
8219	Sacos Viagem Cabine ou Porão	4	AcessoriosDiversos		
8221	Mochilas Mini - XS	4	AcessoriosDiversos		
8222	Mochilas Pequenas - S	4	AcessoriosDiversos		
8223	Mochilas Médias - M	4	AcessoriosDiversos		
8224	Mochilas Grandes - L (Escolares)	4	AcessoriosDiversos		
8225	Mochilas Diagonais	4	AcessoriosDiversos		
8226	Mochilas linha Montanha - XL	4	AcessoriosDiversos	Montanha	
8231	Bolsas/Malas Pequenas de Mão	4	AcessoriosDiversos		
8232	Bolsas/Malas Médias de Mão	4	AcessoriosDiversos		
8233	Bolsas/Malas Pequenas de Ombro	4	AcessoriosDiversos		
8234	Bolsas/Malas Médias de Ombro	4	AcessoriosDiversos		
8235	Bolsas/Malas Grandes de Ombro	4	AcessoriosDiversos		
8236	Bolsas de Cintura	4	AcessoriosDiversos		
8237	Bolsas/Malas Grandes de Mão	4	AcessoriosDiversos		
8239	Malas Computador	4	AcessoriosDiversos		
8241	Sapateiras Normais	4	AcessoriosDiversos		
8242	Sapateiras Grandes	4	AcessoriosDiversos		
8251	Bolsas Toilette	4	AcessoriosDiversos		
8252	Estojos Lapis	4	AcessoriosDiversos		
8253	Bolsas Telemóvel	4	AcessoriosDiversos		
8254	Dossiers	4	AcessoriosDiversos		
8311	Carteiras Homem	4	AcessoriosDiversos		
8312	Carteiras Senhora	4	AcessoriosDiversos		
8313	Carteiras Unisexo -(packs várias cores)	4	AcessoriosDiversos		
8321	Chaveiros Borracha	4	AcessoriosDiversos		
8322	Chaveiros Metal	4	AcessoriosDiversos		
8323	Chaveiros Pescoço	4	AcessoriosDiversos		
8324	Chaveiros Madeira	4	AcessoriosDiversos		
8325	Chaveiros Plástico	4	AcessoriosDiversos		
8331	Porta-Moedas	4	AcessoriosDiversos		
8341	Cintos Homem	4	AcessoriosDiversos		
8342	Cintos Senhora	4	AcessoriosDiversos		
8343	Cintos Rapaz	4	AcessoriosDiversos		
8344	Cintos Rapariga	4	AcessoriosDiversos		
8391	Colares	4	AcessoriosDiversos		
8392	Aneis	4	AcessoriosDiversos		
8393	Pulseiras	4	AcessoriosDiversos		
8394	Cadeados e fechaduras	4	AcessoriosDiversos		
8411	Relógio Homem Digital	4	AcessoriosDiversos		
8412	Relógio Homem Ponteiros	4	AcessoriosDiversos		
8413	Relógio Homem Digital+Ponteiros	4	AcessoriosDiversos		
8421	Relógio Senhora Digital	4	AcessoriosDiversos		
8422	Relógio Senhora Ponteiros	4	AcessoriosDiversos		
8423	Relógio Senhora Digital+Ponteiros	4	AcessoriosDiversos		
8431	Relógio Junior/Unisexo Digital	4	AcessoriosDiversos		
8432	Relógio Junior/Unisexo Ponteiros	4	AcessoriosDiversos		
8433	Relógio Junior/Unisexo Digital+Ponteiros	4	AcessoriosDiversos		
8481	Oculos Escuros Homem	4	AcessoriosDiversos		
8482	Oculos Escuros Senhora	4	AcessoriosDiversos		
8483	Oculos Escuros Junior	4	AcessoriosDiversos		
8511	Cintos Judo Homem	4	AcessoriosDiversos		
8512	Cintos Judo Rapaz	4	AcessoriosDiversos		
8611	Caneleiras Homem Canela	4	AcessoriosDiversos		
8612	Caneleiras Homem Canela e Tornozelo	4	AcessoriosDiversos		
8613	Meias Homem para Caneleiras	4	AcessoriosDiversos		
8621	Caneleiras Rapaz Canela	4	AcessoriosDiversos		
8622	Caneleiras Rapaz Canela e Tornozelo	4	AcessoriosDiversos		
8631	Joelho Elástico	4	AcessoriosDiversos		
8632	Joelheira Neoprene	4	AcessoriosDiversos		
8633	Joelheira Volley	4	AcessoriosDiversos	Volley	
8634	Joelheira Futebol	4	AcessoriosDiversos	Futebol	
8641	Pés  / Tornozelos Elásticos	4	AcessoriosDiversos		
8642	Pés / Tornozelos Neoprene	4	AcessoriosDiversos		
8651	Pulsos Elásticos	4	AcessoriosDiversos		
8652	Pulsos Aperto	4	AcessoriosDiversos		
8653	Pulsos Neoprene	4	AcessoriosDiversos		
8659	Protecção Dedos	4	AcessoriosDiversos		
8661	Fitas Elásticas	4	AcessoriosDiversos		
8662	Ligaduras	4	AcessoriosDiversos		
8671	Braçadeiras Refletoras Atletismo	4	AcessoriosDiversos	Atletismo	
8672	Braçadeiras Capitão	4	AcessoriosDiversos		
8673	Braçadeiras Delegado	4	AcessoriosDiversos		
8674	Braçadeiras Treinador	4	AcessoriosDiversos		
8675	Braçadeiras Massagista	4	AcessoriosDiversos		
8676	Braçadeiras Director Campo	4	AcessoriosDiversos		
8677	Braçadeiras Enfermeiro e Médico	4	AcessoriosDiversos		
8678	Braçadeiras Fisioterapeuta	4	AcessoriosDiversos		
8681	Luvas Guarda Redes Adulto/Homem Futebol	4	AcessoriosDiversos	Futebol	
8682	Luvas Guarda Redes Junior/Criança Futebol	4	AcessoriosDiversos	Futebol	
8683	Luvas Guarda Redes FUTSAL	4	AcessoriosDiversos	Futsal	
8684	Luvas Fitness/Bike/Gym	4	AcessoriosDiversos	Ciclismo	
8685	Luvas Atletismo/Futebol Aquecimento	4	AcessoriosDiversos	Atletismo	
8691	Ombros Neoprene Treino	4	AcessoriosDiversos	Treino	
8692	Cintas Neoprene Treino	4	AcessoriosDiversos	Treino	
8693	Coxas Elásticas/Neoprene Treino	4	AcessoriosDiversos	Treino	
8694	Cotoveleiras Treino	4	AcessoriosDiversos	Treino	
8695	Calções Neoprene Treino	4	AcessoriosDiversos	Treino	
8698	Dentes protecção Treino	4	AcessoriosDiversos	Treino	
8699	Coquilhas Treino	4	AcessoriosDiversos	Treino	
8711	Toucas Silicone Adulto/Homem Piscina	4	AcessoriosDiversos		
8712	Toucas Silicone Junior Piscina	4	AcessoriosDiversos		
8713	Toucas Silicone Senhora Piscina	4	AcessoriosDiversos		
8714	Toucas Favos Adulto/Senhora Piscina	4	AcessoriosDiversos		
8715	Toucas Licra Adulto/Homem Piscina	4	AcessoriosDiversos		
8716	Toucas Licra Junior Piscina	4	AcessoriosDiversos		
8717	Toucas Poliuretano Piscina	4	AcessoriosDiversos		
8718	Toucas Poliester Piscina	4	AcessoriosDiversos		
8719	Toucas Latex Piscina	4	AcessoriosDiversos		
8721	Oculos Piscina Adulto/Homem	4	AcessoriosDiversos		
8722	Oculos Piscina Junior	4	AcessoriosDiversos		
8731	Braçadeiras Junior Piscina	4	AcessoriosDiversos		
8732	Boias Piscina	4	AcessoriosDiversos		
8733	Coletes Piscina	4	AcessoriosDiversos		
8791	Tampões Piscina	4	AcessoriosDiversos		
8792	Pinças Nariz Piscina	4	AcessoriosDiversos		
8793	Meias Piscina Latex Piscina	4	AcessoriosDiversos		
8794	Spray Anti-Embaciante Lentes Oculos Piscina	4	AcessoriosDiversos		
8795	Conjuntos Pool Pack Piscina	4	AcessoriosDiversos		
8796	Toalhas de Natação Piscina	4	AcessoriosDiversos	Natação	
8797	Fitas Elasticas p/ Oculos Natação Piscina	4	AcessoriosDiversos	Natação	
8798	Roupões de Natação	4	AcessoriosDiversos	Natação	
8799	Fitas de Proteção Ouvidos Neoprene	4	AcessoriosDiversos		
8811	Raquetes Ping-Pong 1*	4	AcessoriosDiversos	Ping-pong	
8812	Raquetes Ping-Pong 2*	4	AcessoriosDiversos	Ping-pong	
8813	Raquetes Ping-Pong 3*	4	AcessoriosDiversos	Ping-pong	
8814	Raquetes Ping-Pong 4*	4	AcessoriosDiversos	Ping-pong	
8815	Raquetes Ping-Pong 5*	4	AcessoriosDiversos	Ping-pong	
8818	Rede Ping-Pong	4	AcessoriosDiversos	Ping-pong	
8819	Capas Raquetes Ping-Pong	4	AcessoriosDiversos	Ping-pong	
8821	Raquetes Ténis Homem	4	AcessoriosDiversos	Ténis	
8822	Raquetes Ténis Senhora	4	AcessoriosDiversos	Ténis	
8823	Raquetes Ténis Junior	4	AcessoriosDiversos	Ténis	
8829	Grips Raquetes Ténis	4	AcessoriosDiversos	Ténis	
8831	Raquetes Badminton	4	AcessoriosDiversos	Badminton	
8839	Volantes Badminton	4	AcessoriosDiversos	Badminton	
8841	Raquetes Squash	4	AcessoriosDiversos	Squash	
8849	Bolas Squash	4	AcessoriosDiversos	Squash	
8851	Raquetes Padel	4	AcessoriosDiversos	Ténis	
8859	Bolas Padel	4	AcessoriosDiversos	Ténis	
8911	Pitons Futebol	4	AcessoriosDiversos	Futebol	
8912	Chaves Pitons Futebol	4	AcessoriosDiversos	Futebol	
8913	Sock Stoppers Futebol	4	AcessoriosDiversos	Futebol	
8914	Formas Calçado Futebol	4	AcessoriosDiversos	Futebol	
8915	Coletes de Treino e Reflectores	4	AcessoriosDiversos	Treino	
8918	Camisolas, Calções e Calças de G-Redes Futebol	4	AcessoriosDiversos	Futebol	
8919	Quadro Treinador	4	AcessoriosDiversos		
8921	Cordas Ginástica	4	AcessoriosDiversos	Ginástica	
8922	Atacadores	4	AcessoriosDiversos		
8923	Colchões Ginástica/Yoga/Pilates	4	AcessoriosDiversos	Ginástica	
8924	Steps Ginástica	4	AcessoriosDiversos	Ginástica	
8925	Body Ginástica (algodão-licra)	4	AcessoriosDiversos	Ginástica	
8929	Alteres / Pesos Gym	4	AcessoriosDiversos		
8931	Redes para Cesto Basquetebol	4	AcessoriosDiversos	Basquetebol	
8932	Tabelas de Basket	4	AcessoriosDiversos		
8941	Camisolas Interiores Treino Térmicas	4	AcessoriosDiversos	Treino	
8942	Calça Interior Treino Térmicas	4	AcessoriosDiversos	Treino	
8943	Lenço/Cachecol Treino Térmico	4	AcessoriosDiversos	Treino	
8944	Manguitos / Perneiras	4	AcessoriosDiversos		
8945	Calção Interior Treino Térmico	4	AcessoriosDiversos	Treino	
8951	Patins em Linha	4	AcessoriosDiversos		
8952	Skates	4	AcessoriosDiversos	Skate	
8953	Trotinetes	4	AcessoriosDiversos		
8959	Protecções Patins/Bike/Skate	4	AcessoriosDiversos	Ciclismo	
8981	Alvos de Dardos	4	AcessoriosDiversos		
8982	Dardos c/ Ponta Metálica	4	AcessoriosDiversos		
8983	Dardos c/ Ponta Plástica	4	AcessoriosDiversos		
8984	Pontas Plásticas para dardos	4	AcessoriosDiversos		
8985	Voadores para dardos	4	AcessoriosDiversos		
8991	Apitos	4	AcessoriosDiversos		
8992	Palmilhas	4	AcessoriosDiversos		
8993	Bombas de Ar	4	AcessoriosDiversos		
8994	Sacos Rede Bolas	4	AcessoriosDiversos		
8995	Cronometros	4	AcessoriosDiversos		
8996	Pipos p/ encher bolas	4	AcessoriosDiversos		
8997	Marcadores Pontuação Jogo	4	AcessoriosDiversos		
8998	Reflectores/Luzes	4	AcessoriosDiversos		
8999	Acessórios Diversos	4	AcessoriosDiversos		
